{
  "slides": [
    {
      "key": "cover",
      "title": "Samen onderzoeken",
      "body": "Deze kaarten proberen je uit te nodigen om samen te kijken naar wat er speelt, zichtbaar wordt en onbesproken blijft in de samenwerking.",
      "img": "voorkant.svg",
      "alt": "Samen onderzoeken – Gesprekskaarten voor teams"
    },
    {
      "key": "verkennen",
      "title": "Verkennen",
      "body": "Bij verkennen staan we stil bij wat we waarnemen in de samenwerking.",
      "img": "cards/verkennen.svg",
      "alt": "Verkennen"
    },
    {
      "key": "duiden",
      "title": "Duiden",
      "body": "Bij duiden staan we stil bij de betekenis die we geven aan wat er gebeurt in de samenwerking.",
      "img": "cards/duiden.svg",
      "alt": "Duiden"
    },
    {
      "key": "verbinden",
      "title": "Verbinden",
      "body": "Bij verbinden staan we stil bij hoe we ons tot elkaar verhouden in de samenwerking.",
      "img": "cards/verbinden.svg",
      "alt": "Verbinden"
    },
    {
      "key": "verhelderen",
      "title": "Verhelderen",
      "body": "Bij verhelderen staan we stil bij wat onduidelijk is in de samenwerking.",
      "img": "cards/verhelderen.svg",
      "alt": "Verhelderen"
    },
    {
      "key": "verdiepen",
      "title": "Verdiepen",
      "body": "Bij verdiepen staan we stil bij wat onder de oppervlakte meespeelt in de samenwerking.",
      "img": "cards/verdiepen.svg",
      "alt": "Verdiepen"
    },
    {
      "key": "vertragen",
      "title": "Vertragen",
      "body": "Bij vertragen staan we stil bij het tempo en nemen we bewust de tijd om rust en overzicht te creëren in de samenwerking.",
      "img": "cards/vertragen.svg",
      "alt": "Vertragen"
    },
    {
      "key": "bewegen",
      "title": "Bewegen",
      "body": "Bij bewegen staan we stil bij wat een volgende stap kan zijn in de samenwerking.",
      "img": "cards/bewegen.svg",
      "alt": "Bewegen"
    }
  ],
  "hint": "← → swipe"
}