{
  "cover": "Deze kaarten proberen je uit te nodigen om samen te kijken naar wat er speelt, zichtbaar wordt en onbesproken blijft in de samenwerking.",
  "verkennen": "Bij verkennen staan we stil bij wat we waarnemen in de samenwerking.",
  "duiden": "Bij duiden staan we stil bij de betekenis die we geven aan wat er gebeurt in de samenwerking.",
  "verbinden": "Bij verbinden staan we stil bij hoe we ons tot elkaar verhouden in de samenwerking.",
  "verhelderen": "Bij verhelderen staan we stil bij wat onduidelijk is in de samenwerking.",
  "verdiepen": "Bij verhelderen staan we stil bij wat onduidelijk is in de samenwerking.",
  "vertragen": "Bij vertragen staan we stil bij het tempo in de samenwerking.",
  "bewegen": "Bij bewegen staan we stil bij wat er in actie wil komen in de samenwerking."
}